Guid,AccountId,AssistantName,AssistantPhone,Birthdate,Department,Description,Email,EmailBouncedReason,Fax,FirstName,HomePhone,Jigsaw,Languages__c,LastName,LeadSource,Level__c,MailingCity,MailingCountry,MailingGeocodeAccuracy,MailingLatitude,MailingLongitude,MailingPostalCode,MailingState,MailingStreet,MobilePhone,OtherCity,OtherCountry,OtherGeocodeAccuracy,OtherLatitude,OtherLongitude,OtherPhone,OtherPostalCode,OtherState,OtherStreet,Phone,Salutation,Title
07991bfd-29ff-48c5-ab9f-3415ca4aec86,cfcd39f3-b3ac-4e87-a7ab-124e14cf40d0,"#N/A","#N/A","#N/A","#N/A","#N/A",jrogers@burlington.com,"#N/A",(336) 222-8000,Jack,"#N/A","#N/A","#N/A",Rogers,Web,"#N/A",Burlington,USA,"#N/A","#N/A","#N/A",27215,NC,525 S. Lexington Ave,"#N/A","#N/A","#N/A","#N/A","#N/A","#N/A","#N/A","#N/A","#N/A","#N/A",(336) 222-7000,Mr.,"VP, Facilities"
24e5f93c-6164-4894-bf82-246e9fb1a01e,c1dc7ec9-2861-4bef-8513-8aae6b66bd57,"#N/A","#N/A",1942-05-05,Technology,"#N/A",efrank@genepoint.com,"#N/A",(650) 867-9895,Edna,"#N/A","#N/A",English,Frank,Partner,Primary,"#N/A","#N/A","#N/A","#N/A","#N/A","#N/A","#N/A","345 Shoreline Park
Mountain View, CA 94043
USA",(650) 867-7686,"#N/A","#N/A","#N/A","#N/A","#N/A","#N/A","#N/A","#N/A","#N/A",(650) 867-3450,Ms.,"VP, Technology"
33e29ae0-5ce5-4a34-a8c7-89f275c29383,e469c6bb-207f-4638-83c9-5040a227a650,"#N/A","#N/A","#N/A",Internal Operations,"#N/A",a_young@dickenson.com,"#N/A","#N/A",Andy,"#N/A","#N/A",English,Young,Purchased List,Primary,Lawrence,USA,"#N/A","#N/A","#N/A",66045,KS,1301 Hoch Drive,(785) 265-5350,Lawrence,USA,"#N/A","#N/A","#N/A","#N/A",66045,KS,1301 Hoch Drive,(785) 241-6200,Mr,"SVP, Operations"
46264080-1af3-4a86-92f3-e9c8fb94a340,7b94cd80-13d3-4458-9508-cb735d2ee362,Pat Feinstein,(212) 842-5464,1951-10-12,Executive Team,"#N/A",asong@uog.com,"#N/A",(212) 842-5501,Arthur,"#N/A","#N/A",English,Song,Public Relations,Secondary,"#N/A","#N/A","#N/A","#N/A","#N/A","#N/A","#N/A","1301 Avenue of the Americas 
New York, NY 10019
USA",(212) 842-4535,"#N/A","#N/A","#N/A","#N/A","#N/A","#N/A","#N/A","#N/A","#N/A",(212) 842-5500,Mr.,CEO
55b2f995-5f21-41be-b35f-a36e6199c59d,bc046986-976c-4421-a104-1736d4f01ddd,"#N/A","#N/A",1955-12-31,Facilities,"#N/A",bond_john@grandhotels.com,"#N/A",(312) 596-1500,John,"#N/A","#N/A",English,Bond,External Referral,Primary,"#N/A","#N/A","#N/A","#N/A","#N/A","#N/A","#N/A","2334 N. Michigan Avenue, Suite 1500
Chicago, IL 60601, USA",(312) 596-1563,"#N/A","#N/A","#N/A","#N/A","#N/A","#N/A","#N/A","#N/A","#N/A",(312) 596-1000,Mr.,"VP, Facilities"
5df6733b-5775-4fcb-8075-336689bfd91b,a95b0c0a-01bf-4228-977b-173d506faf76,"#N/A","#N/A",1950-08-18,Executive Team,"#N/A",tripley@uog.com,"#N/A",(650) 450-8820,Tom,"#N/A","#N/A",English,Ripley,Public Relations,Primary,"#N/A","#N/A","#N/A","#N/A","#N/A","#N/A","#N/A","9 Tagore Lane
Singapore, Singapore 787472
Singapore",(650) 345-7636,"#N/A","#N/A","#N/A","#N/A","#N/A","#N/A","#N/A","#N/A","#N/A",(650) 450-8810,Mr.,Regional General Manager
5f1425b2-da48-4cd2-966a-6ee449fbff36,7b94cd80-13d3-4458-9508-cb735d2ee362,Chris Nobel,(212) 842-5428,1933-09-22,Finance,"#N/A",agreen@uog.com,"#N/A",(212) 842-5501,Avi,"#N/A","#N/A",English,Green,Public Relations,Primary,"#N/A","#N/A","#N/A","#N/A","#N/A","#N/A","#N/A","1302 Avenue of the Americas 
New York, NY 10019
USA",(212) 842-2383,"#N/A","#N/A","#N/A","#N/A","#N/A","#N/A","#N/A","#N/A","#N/A",(212) 842-5500,Mr.,CFO
5fff6838-94be-4037-9a09-a352b0996896,a95b0c0a-01bf-4228-977b-173d506faf76,"#N/A","#N/A",1961-11-28,Production,"#N/A",ldcruz@uog.com,"#N/A",(650) 450-8820,Liz,"#N/A","#N/A",English,D'Cruz,Public Relations,Secondary,"#N/A","#N/A","#N/A","#N/A","#N/A","#N/A","#N/A","10 Tagore Lane
Singapore, Singapore 787472
Singapore",(650) 345-6637,"#N/A","#N/A","#N/A","#N/A","#N/A","#N/A","#N/A","#N/A","#N/A",(650) 450-8810,Ms.,"VP, Production"
6fb32e9e-18bb-4368-ad8a-43083ec99422,7b94cd80-13d3-4458-9508-cb735d2ee362,"#N/A","#N/A",1960-07-29,Technology,"#N/A",lboyle@uog.com,"#N/A",(212) 842-5501,Lauren,"#N/A","#N/A",English,Boyle,Public Relations,Secondary,"#N/A","#N/A","#N/A","#N/A","#N/A","#N/A","#N/A","1304 Avenue of the Americas 
New York, NY 10019
USA",(212) 842-5611,"#N/A","#N/A","#N/A","#N/A","#N/A","#N/A","#N/A","#N/A","#N/A",(212) 842-5500,Ms.,"SVP, Technology"
79fa7180-aead-4227-ab4f-43d3b70de179,c586d721-cfc5-48fc-9af4-0607ae82ae3f,"#N/A","#N/A",1968-02-23,Procurement,"#N/A",rose@edge.com,"#N/A",(512) 757-9000,Rose,"#N/A","#N/A",English,Gonzalez,Trade Show,Primary,"#N/A","#N/A","#N/A","#N/A","#N/A","#N/A","#N/A","313 Constitution Place
Austin, TX 78767
USA",(512) 757-9340,"#N/A","#N/A","#N/A","#N/A","#N/A","#N/A","#N/A","#N/A","#N/A",(512) 757-6000,Ms.,"SVP, Procurement"
8ff5ba28-7b17-4cd6-965f-ba296b9a5ee2,c586d721-cfc5-48fc-9af4-0607ae82ae3f,"#N/A","#N/A",1946-11-21,Finance,"#N/A",sean@edge.com,"#N/A",(512) 757-9000,Sean,"#N/A","#N/A",English,Forbes,Trade Show,Secondary,"#N/A","#N/A","#N/A","#N/A","#N/A","#N/A","#N/A","312 Constitution Place
Austin, TX 78767
USA",(512) 757-4561,"#N/A","#N/A","#N/A","#N/A","#N/A","#N/A","#N/A","#N/A","#N/A",(512) 757-6000,Mr.,CFO
9b865d64-19f2-4b6c-b843-1d4f62d09bc5,20788838-781e-4ec1-918b-1dd71505f255,Ron Sage,(503) 421-6782,1937-01-30,Operations,"#N/A",b.levy@expressl&t.net,"#N/A",(503) 421-7801,Babara,"#N/A","#N/A",English,Levy,Word of mouth,Primary,"#N/A","#N/A","#N/A","#N/A","#N/A","#N/A","#N/A","620 SW 5th Avenue Suite 400
Portland, Oregon 97204
United States",(503) 421-5451,"#N/A","#N/A","#N/A","#N/A","#N/A","#N/A","#N/A","#N/A","#N/A",(503) 421-7800,Ms.,"SVP, Operations"
9f2ef9a0-39aa-410c-a540-5187caa1872f,20788838-781e-4ec1-918b-1dd71505f255,"#N/A","#N/A",1948-05-26,Warehouse Mgmt,"#N/A",j.davis@expressl&t.net,"#N/A",(503) 421-7801,Josh,"#N/A","#N/A",English,Davis,Word of mouth,Secondary,"#N/A","#N/A","#N/A","#N/A","#N/A","#N/A","#N/A","621 SW 5th Avenue Suite 400
Portland, Oregon 97204
United States",(503) 421-4387,"#N/A","#N/A","#N/A","#N/A","#N/A","#N/A","#N/A","#N/A","#N/A",(503) 421-7800,Mr.,"Director, Warehouse Mgmt"
a39c9eaf-f97e-49a6-beff-ef6e4e50fdb1,"#N/A","#N/A","#N/A","#N/A","#N/A","#N/A","#N/A","#N/A","#N/A","#N/A","#N/A","#N/A","#N/A",sharma,"#N/A","#N/A","#N/A","#N/A","#N/A","#N/A","#N/A","#N/A","#N/A","#N/A","#N/A","#N/A","#N/A","#N/A","#N/A","#N/A","#N/A","#N/A","#N/A","#N/A","#N/A","#N/A","#N/A"
ba098b35-a459-4f5b-ad00-0899347f8f9d,6068fa38-a28b-46c2-ab29-42e795232025,"#N/A","#N/A",1944-04-12,Administration,"#N/A",jane_gray@uoa.edu,"#N/A",(520) 773-9060,Jane,"#N/A","#N/A",English,Grey,Word of mouth,Primary,"#N/A","#N/A","#N/A","#N/A","#N/A","#N/A","#N/A","888 N Euclid 
Hallis Center, Room 501
Tucson, AZ 85721
United States",(520) 773-4539,"#N/A","#N/A","#N/A","#N/A","#N/A","#N/A","#N/A","#N/A","#N/A",(520) 773-9050,Ms.,Dean of Administration
c6a13ac2-63dd-45b1-8c8c-3c5a072ee54b,d4064b89-fb3d-4226-94dd-613b157827c7,Jean Marie,(014) 427-4465,"#N/A",Finance,"#N/A",pat@pyramid.net,"#N/A",(014) 427-4428,Pat,"#N/A","#N/A","French, English",Stumuller,"#N/A",Primary,Paris,France,"#N/A","#N/A","#N/A",75251,"#N/A",2 Place Jussieu,(014) 454-6364,Paris,France,"#N/A","#N/A","#N/A","#N/A",75251,"#N/A",2 Place Jussieu,(014) 427-4427,Ms.,"SVP, Administration and Finance"
c97ddc87-3ecc-47a6-9344-d8ad8164b3c6,da54d88d-2991-4fe9-9401-d28b4525943b,"#N/A","#N/A",1946-06-21,Finance,"#N/A",ajames@uog.com,"#N/A",+44 191 4956620,Ashley,"#N/A","#N/A",English,James,Public Relations,Primary,"#N/A","#N/A","#N/A","#N/A","#N/A","#N/A","#N/A","Kings Park, 17th Avenue, Team Valley Trading Estate,
Gateshead, Tyne and Wear NE26 3HS
United Kingdom",+44 191 3456234,"#N/A","#N/A","#N/A","#N/A","#N/A","#N/A","#N/A","#N/A","#N/A",+44 191 4956203,Ms.,"VP, Finance"
d0073c51-90b6-470c-8a28-9cfd5523d4ed,bc046986-976c-4421-a104-1736d4f01ddd,"#N/A","#N/A",1953-10-19,Finance,"#N/A",barr_tim@grandhotels.com,"#N/A",(312) 596-1500,Tim,"#N/A","#N/A",English,Barr,External Referral,Secondary,"#N/A","#N/A","#N/A","#N/A","#N/A","#N/A","#N/A","2335 N. Michigan Avenue, Suite 1500
Chicago, IL 60601, USA",(312) 596-1230,"#N/A","#N/A","#N/A","#N/A","#N/A","#N/A","#N/A","#N/A","#N/A",(312) 596-1000,Mr.,"SVP, Administration and Finance"
fc6be61e-72dd-4966-a574-fa1669aca86d,"#N/A","#N/A","#N/A","#N/A","#N/A","#N/A","#N/A","#N/A","#N/A","#N/A","#N/A","#N/A","#N/A",sharma,"#N/A","#N/A","#N/A","#N/A","#N/A","#N/A","#N/A","#N/A","#N/A","#N/A","#N/A","#N/A","#N/A","#N/A","#N/A","#N/A","#N/A","#N/A","#N/A","#N/A","#N/A","#N/A","#N/A"
fd4fc489-9c7f-485f-bb7f-bc45aee7e7b6,7b94cd80-13d3-4458-9508-cb735d2ee362,Audrey Haynes,(212) 842-5589,1943-06-16,Production,"#N/A",spavlova@uog.com,"#N/A",(212) 842-5501,Stella,"#N/A","#N/A",English,Pavlova,Public Relations,Tertiary,"#N/A","#N/A","#N/A","#N/A","#N/A","#N/A","#N/A","1303 Avenue of the Americas 
New York, NY 10019
USA",(212) 842-5501,"#N/A","#N/A","#N/A","#N/A","#N/A",(212) 842-5543,"#N/A","#N/A","#N/A",(212) 842-5500,Ms.,"SVP, Production"
